-- ============================================================
-- seed.sql
-- Development/testing seed data
-- Run via: supabase db reset (applies migrations + seed)
-- ============================================================

-- ──────────────────────────────────────────────────────────────
-- Test Users (IDs match Supabase Auth seed in supabase/config.toml)
-- ──────────────────────────────────────────────────────────────
INSERT INTO public.users (id, email, display_name, avatar_url) VALUES
  ('a1b2c3d4-e5f6-7890-abcd-ef1234567890', 'leonore@example.com', 'Leonore', NULL),
  ('b2c3d4e5-f6a7-8901-bcde-f12345678901', 'member@example.com',  'Alex Member', NULL),
  ('c3d4e5f6-a7b8-9012-cdef-123456789012', 'viewer@example.com',  'Sam Viewer', NULL);

-- ──────────────────────────────────────────────────────────────
-- Test Household
-- ──────────────────────────────────────────────────────────────
INSERT INTO public.households (id, name, created_by, invite_code, invite_expires_at) VALUES
  ('h1h2h3h4-h5h6-7890-abcd-ef1234567890', 'Casa Leonore',
   'a1b2c3d4-e5f6-7890-abcd-ef1234567890', 'TEST01',
   now() + INTERVAL '7 days');

-- ──────────────────────────────────────────────────────────────
-- Memberships (admin, member, viewer)
-- ──────────────────────────────────────────────────────────────
INSERT INTO public.memberships (user_id, household_id, role) VALUES
  ('a1b2c3d4-e5f6-7890-abcd-ef1234567890', 'h1h2h3h4-h5h6-7890-abcd-ef1234567890', 'admin'),
  ('b2c3d4e5-f6a7-8901-bcde-f12345678901', 'h1h2h3h4-h5h6-7890-abcd-ef1234567890', 'member'),
  ('c3d4e5f6-a7b8-9012-cdef-123456789012', 'h1h2h3h4-h5h6-7890-abcd-ef1234567890', 'viewer');

-- ──────────────────────────────────────────────────────────────
-- Categories (2 root + 3 children)
-- ──────────────────────────────────────────────────────────────
INSERT INTO public.categories (id, household_id, name, parent_id, icon, color, sort_order) VALUES
  -- Root categories
  ('c1000000-0000-0000-0000-000000000001', 'h1h2h3h4-h5h6-7890-abcd-ef1234567890',
   'Documents', NULL, '📄', '#4A90D9', 0),
  ('c1000000-0000-0000-0000-000000000002', 'h1h2h3h4-h5h6-7890-abcd-ef1234567890',
   'Electronics', NULL, '💻', '#E74C3C', 1),
  -- Children
  ('c2000000-0000-0000-0000-000000000001', 'h1h2h3h4-h5h6-7890-abcd-ef1234567890',
   'IDs & Passports', 'c1000000-0000-0000-0000-000000000001', '🛂', '#4A90D9', 0),
  ('c2000000-0000-0000-0000-000000000002', 'h1h2h3h4-h5h6-7890-abcd-ef1234567890',
   'Certificates', 'c1000000-0000-0000-0000-000000000001', '📜', '#4A90D9', 1),
  ('c2000000-0000-0000-0000-000000000003', 'h1h2h3h4-h5h6-7890-abcd-ef1234567890',
   'Chargers & Cables', 'c1000000-0000-0000-0000-000000000002', '🔌', '#E74C3C', 0);

-- ──────────────────────────────────────────────────────────────
-- Locations (2 root + 3 children)
-- ──────────────────────────────────────────────────────────────
INSERT INTO public.locations (id, household_id, name, parent_id, description, sort_order) VALUES
  -- Root locations
  ('l1000000-0000-0000-0000-000000000001', 'h1h2h3h4-h5h6-7890-abcd-ef1234567890',
   'Master Bedroom', NULL, 'Main bedroom, second floor', 0),
  ('l1000000-0000-0000-0000-000000000002', 'h1h2h3h4-h5h6-7890-abcd-ef1234567890',
   'Living Room', NULL, 'Ground floor living area', 1),
  -- Children
  ('l2000000-0000-0000-0000-000000000001', 'h1h2h3h4-h5h6-7890-abcd-ef1234567890',
   'Safe', 'l1000000-0000-0000-0000-000000000001', 'Fireproof safe in master bedroom closet', 0),
  ('l2000000-0000-0000-0000-000000000002', 'h1h2h3h4-h5h6-7890-abcd-ef1234567890',
   'Bedside Table', 'l1000000-0000-0000-0000-000000000001', 'Left bedside table', 1),
  ('l2000000-0000-0000-0000-000000000003', 'h1h2h3h4-h5h6-7890-abcd-ef1234567890',
   'TV Cabinet', 'l1000000-0000-0000-0000-000000000002', 'Cabinet under the TV', 0);

-- ──────────────────────────────────────────────────────────────
-- Items (5 sample items with different statuses)
-- ──────────────────────────────────────────────────────────────
INSERT INTO public.items (id, household_id, name, description, category_id, location_id, quantity, tags, status, created_by) VALUES
  ('i1000000-0000-0000-0000-000000000001', 'h1h2h3h4-h5h6-7890-abcd-ef1234567890',
   'Passport (Leonore)', 'Philippine passport, expires 2030',
   'c2000000-0000-0000-0000-000000000001', 'l2000000-0000-0000-0000-000000000001',
   1, ARRAY['important', 'travel'], 'stored', 'a1b2c3d4-e5f6-7890-abcd-ef1234567890'),

  ('i1000000-0000-0000-0000-000000000002', 'h1h2h3h4-h5h6-7890-abcd-ef1234567890',
   'USB-C Laptop Charger', 'Lenovo 65W USB-C adapter',
   'c2000000-0000-0000-0000-000000000003', 'l2000000-0000-0000-0000-000000000002',
   1, ARRAY['electronics', 'office'], 'stored', 'a1b2c3d4-e5f6-7890-abcd-ef1234567890'),

  ('i1000000-0000-0000-0000-000000000003', 'h1h2h3h4-h5h6-7890-abcd-ef1234567890',
   'Birth Certificate', 'PSA-certified copy',
   'c2000000-0000-0000-0000-000000000002', 'l2000000-0000-0000-0000-000000000001',
   1, ARRAY['important', 'legal'], 'stored', 'a1b2c3d4-e5f6-7890-abcd-ef1234567890'),

  ('i1000000-0000-0000-0000-000000000004', 'h1h2h3h4-h5h6-7890-abcd-ef1234567890',
   'TV Remote', 'Samsung Smart TV remote',
   'c1000000-0000-0000-0000-000000000002', 'l2000000-0000-0000-0000-000000000003',
   1, ARRAY['electronics'], 'lost', 'b2c3d4e5-f6a7-8901-bcde-f12345678901'),

  ('i1000000-0000-0000-0000-000000000005', 'h1h2h3h4-h5h6-7890-abcd-ef1234567890',
   'HDMI Cable (2m)', 'High-speed HDMI 2.1 cable',
   'c2000000-0000-0000-0000-000000000003', NULL,
   2, ARRAY['electronics', 'cables'], 'stored', 'b2c3d4e5-f6a7-8901-bcde-f12345678901');

-- ──────────────────────────────────────────────────────────────
-- Sample Activities
-- ──────────────────────────────────────────────────────────────
INSERT INTO public.item_activities (item_id, user_id, action, details) VALUES
  ('i1000000-0000-0000-0000-000000000001', 'a1b2c3d4-e5f6-7890-abcd-ef1234567890',
   'created', NULL),
  ('i1000000-0000-0000-0000-000000000004', 'b2c3d4e5-f6a7-8901-bcde-f12345678901',
   'created', NULL),
  ('i1000000-0000-0000-0000-000000000004', 'b2c3d4e5-f6a7-8901-bcde-f12345678901',
   'status_changed', '{"old_status": "stored", "new_status": "lost", "note": "Last seen in the living room"}');

-- ──────────────────────────────────────────────────────────────
-- Soft-deleted item (for testing restore)
-- ──────────────────────────────────────────────────────────────
INSERT INTO public.items (id, household_id, name, description, category_id, location_id, quantity, tags, status, created_by, deleted_at) VALUES
  ('i1000000-0000-0000-0000-000000000099', 'h1h2h3h4-h5h6-7890-abcd-ef1234567890',
   'Old Mouse', 'Logitech wireless mouse (broken)',
   'c1000000-0000-0000-0000-000000000002', NULL,
   1, ARRAY['electronics'], 'stored', 'a1b2c3d4-e5f6-7890-abcd-ef1234567890',
   now() - INTERVAL '5 days');
